Kind,imagePath
,pipo-enemy001.png
,pipo-enemy001a.png
,pipo-enemy001b.png
,pipo-enemy002.png
,pipo-enemy002a.png
,pipo-enemy002b.png
,pipo-enemy003.png
,pipo-enemy003a.png
,pipo-enemy003b.png
,pipo-enemy004.png
,pipo-enemy004a.png
,pipo-enemy004b.png
,pipo-enemy005.png
,pipo-enemy005a.png
,pipo-enemy005b.png
,pipo-enemy006.png
,pipo-enemy006a.png
,pipo-enemy006b.png
,pipo-enemy007.png
,pipo-enemy007a.png
,pipo-enemy007b.png
,pipo-enemy008.png
,pipo-enemy008a.png
,pipo-enemy008b.png
スライム,pipo-enemy009.png
,pipo-enemy009a.png
,pipo-enemy009b.png
,pipo-enemy010.png
,pipo-enemy010a.png
,pipo-enemy010b.png
,pipo-enemy011.png
,pipo-enemy011a.png
,pipo-enemy011b.png
,pipo-enemy012.png
,pipo-enemy012a.png
,pipo-enemy012b.png
ゴブリン,pipo-enemy013.png
,pipo-enemy013a.png
,pipo-enemy013b.png
,pipo-enemy014.png
,pipo-enemy014a.png
,pipo-enemy014b.png
,pipo-enemy015.png
,pipo-enemy015a.png
,pipo-enemy015b.png
,pipo-enemy016.png
,pipo-enemy016a.png
,pipo-enemy016b.png
,pipo-enemy017.png
,pipo-enemy017a.png
,pipo-enemy017b.png
,pipo-enemy018.png
,pipo-enemy018a.png
,pipo-enemy018b.png
,pipo-enemy019.png
,pipo-enemy019a.png
,pipo-enemy019b.png
,pipo-enemy020.png
,pipo-enemy020a.png
,pipo-enemy020b.png
,pipo-enemy021.png
,pipo-enemy021a.png
,pipo-enemy021b.png
,pipo-enemy022.png
,pipo-enemy022a.png
,pipo-enemy022b.png
,pipo-enemy023.png
,pipo-enemy023a.png
,pipo-enemy023b.png
,pipo-enemy024.png
,pipo-enemy024a.png
,pipo-enemy024b.png
黒魔術師,pipo-enemy025.png
,pipo-enemy025a.png
,pipo-enemy025b.png
,pipo-enemy026.png
,pipo-enemy026a.png
,pipo-enemy026b.png
,pipo-enemy027.png
,pipo-enemy027a.png
,pipo-enemy027b.png
,pipo-enemy028.png
,pipo-enemy028a.png
,pipo-enemy028b.png
,pipo-enemy029.png
,pipo-enemy029a.png
,pipo-enemy029b.png
,pipo-enemy030.png
,pipo-enemy030a.png
,pipo-enemy030b.png
,pipo-enemy031.png
,pipo-enemy031a.png
,pipo-enemy031b.png
,pipo-enemy032.png
,pipo-enemy032a.png
,pipo-enemy032b.png
,pipo-enemy033.png
,pipo-enemy033a.png
,pipo-enemy033b.png
,pipo-enemy034.png
,pipo-enemy034a.png
,pipo-enemy034b.png
,pipo-enemy035.png
,pipo-enemy035a.png
,pipo-enemy035b.png
,pipo-enemy036.png
,pipo-enemy036a.png
,pipo-enemy036b.png
,pipo-enemy037.png
,pipo-enemy037a.png
,pipo-enemy037b.png
,pipo-enemy038.png
,pipo-enemy038a.png
,pipo-enemy038b.png
,pipo-enemy039.png
,pipo-enemy039a.png
,pipo-enemy039b.png
,pipo-enemy040.png
,pipo-enemy040a.png
,pipo-enemy040b.png
,pipo-enemy041.png
,pipo-enemy041a.png
,pipo-enemy041b.png
,pipo-enemy042.png
,pipo-enemy042a.png
,pipo-enemy042b.png
,pipo-enemy043.png
,pipo-enemy044.png
,pipo-enemy044b.png
,pipo-enemy044c.png
,pipo-enemy044d.png
,pipo-enemy044e.png
グレートドラゴン,pipo-enemy044f.png
,pipo-enemy045.png
,pipo-enemy045a.png
,pipo-enemy045b.png
,pipo-enemy046.png
,pipo-enemy046a.png
,pipo-enemy046b.png
,pipo-enemy047.png
,pipo-enemy047a.png
,pipo-enemy047b.png
,pipo-enemy048.png
,pipo-enemy048a.png
,pipo-enemy048b.png
,pipo-enemy049.png
,pipo-enemy049a.png
,pipo-enemy049b.png
,pipo-enemy050.png
,pipo-enemy050a.png
,pipo-enemy050b.png
,pipo-boss001.png
,pipo-boss002.png
,pipo-boss003.png
ラスボス,pipo-boss004.png